{
    "groups": [
        {
            "sourceType": "com.baomidou.mybatisplus.autoconfigure.MybatisPlusProperties",
            "name": "mybatis-plus",
            "type": "com.baomidou.mybatisplus.autoconfigure.MybatisPlusProperties"
        },
        {
            "sourceType": "com.baomidou.mybatisplus.autoconfigure.MybatisPlusProperties",
            "name": "mybatis-plus.configuration",
            "sourceMethod": "getConfiguration()",
            "type": "com.baomidou.mybatisplus.core.MybatisConfiguration"
        },
        {
            "sourceType": "com.baomidou.mybatisplus.autoconfigure.MybatisPlusProperties",
            "name": "mybatis-plus.global-config",
            "sourceMethod": "getGlobalConfig()",
            "type": "com.baomidou.mybatisplus.core.config.GlobalConfig"
        },
        {
            "sourceType": "com.baomidou.mybatisplus.core.config.GlobalConfig$DbConfig",
            "name": "mybatis-plus.global-config.db-config",
            "sourceMethod": "getDbConfig()",
            "type": "com.baomidou.mybatisplus.core.config.GlobalConfig$DbConfig"
        }
    ],
    "properties": [
        {
            "sourceType": "com.baomidou.mybatisplus.core.config.GlobalConfig",
            "name": "mybatis-plus.global-config.meta-object-handler",
            "deprecation": {
                "level": "error",
                "reason": "3.0开始废除此属性，请使用@Bean的方式注入至Spring容器."
            }
        },
        {
            "sourceType": "com.baomidou.mybatisplus.core.config.GlobalConfig$DbConfig",
            "name": "mybatis-plus.global-config.db-config.key-generator",
            "deprecation": {
                "level": "error",
                "reason": "3.0开始废除此属性，请使用@Bean的方式注入至Spring容器."
            }
        },
        {
            "sourceType": "com.baomidou.mybatisplus.core.config.GlobalConfig",
            "name": "mybatis-plus.global-config.sql-injector",
            "deprecation": {
                "level": "error",
                "reason": "3.0开始废除此属性，请使用@Bean的方式注入至Spring容器."
            }
        },
        {
            "sourceType": "com.baomidou.mybatisplus.core.MybatisConfiguration",
            "defaultValue": "com.baomidou.mybatisplus.core.MybatisXMLLanguageDriver",
            "name": "mybatis-plus.configuration.default-scripting-language",
            "description": "A default LanguageDriver class.",
            "type": "java.lang.Class<? extends org.apache.ibatis.scripting.LanguageDriver>"
        },
        {
            "sourceType": "com.baomidou.mybatisplus.core.MybatisConfiguration",
            "defaultValue": "org.apache.ibatis.type.EnumTypeHandler",
            "name": "mybatis-plus.configuration.default-enum-type-handler",
            "description": "A default TypeHandler class for Enum.",
            "type": "java.lang.Class<? extends org.apache.ibatis.type.TypeHandler>"
        }
    ]
}
